AUC,sensitivity,specificity
0.9046618106139437,0.8838709677419355,0.7032258064516129
0.8801225220093961,0.8428666112850132,0.6489842175466974
0.9292010992184913,0.9173252695140582,0.7535343529937724
