AUC,Š´“x,“ÁˆÙ“x,è‡’l
0.8997500294950448,0.8301282051282052,0.8251533742331288,0.8363937735557556
0.8820925776998512,0.7983183876781198,0.7937776199676381,
0.9174074812902384,0.8587741701296594,0.8535497737247428,
